dataset	id	mean_discrepancy	num_discrepancy	n	prefix
tracktor-final	Fly1	4.38010556054401e-05	2	45661	49
tracktor-final	Fly2	0	0	45661	49
tracktor-final	Fly3	6.57015834081601e-05	3	45661	49
tracktor-final	Fly4	0.00013140316681632	6	45661	49
tracktor-final	Fly5	0	0	45661	49
tracktor-final	Fly6	4.38010556054401e-05	2	45661	49
tracktor-raw	Fly1	0.00017520422242176	8	45661	49
tracktor-raw	Fly2	0.00015330369461904	7	45661	49
tracktor-raw	Fly3	0.00013140316681632	6	45661	49
tracktor-raw	Fly4	0.000525612667265281	24	45661	49
tracktor-raw	Fly5	0.000262806333632641	12	45661	49
tracktor-raw	Fly6	0.000284706861435361	13	45661	49
tracktor-final	Fly1	0.00477235443253723	224	46937	20
tracktor-final	Fly2	0.00460191320280376	216	46937	20
tracktor-final	Fly3	0.00432494620448687	203	46937	20
tracktor-final	Fly4	0.00464452351023713	218	46937	20
tracktor-final	Fly5	0.00502801627713744	236	46937	20
tracktor-final	Fly6	0.00688156465048895	323	46937	20
tracktor-raw	Fly1	0.0231800072437523	1088	46937	20
tracktor-raw	Fly2	0.0256514050748876	1204	46937	20
tracktor-raw	Fly3	0.0229669557065854	1078	46937	20
tracktor-raw	Fly4	0.026098813302938	1225	46937	20
tracktor-raw	Fly5	0.0284849905192066	1337	46937	20
tracktor-raw	Fly6	0.0247352834650702	1161	46937	20
tracktor-final	Fly1	0	0	46980	63
tracktor-final	Fly2	0	0	46980	63
tracktor-final	Fly3	0	0	46980	63
tracktor-final	Fly4	0	0	46980	63
tracktor-final	Fly5	4.2571306939123e-05	2	46980	63
tracktor-final	Fly6	0	0	46980	63
tracktor-raw	Fly1	0	0	46980	63
tracktor-raw	Fly2	2.12856534695615e-05	1	46980	63
tracktor-raw	Fly3	4.2571306939123e-05	2	46980	63
tracktor-raw	Fly4	0	0	46980	63
tracktor-raw	Fly5	4.2571306939123e-05	2	46980	63
tracktor-raw	Fly6	0	0	46980	63
tracktor-final	Fly1	0.000909918107370337	44	48356	68
tracktor-final	Fly2	0.00105467780627016	51	48356	68
tracktor-final	Fly3	0.00076515840847051	37	48356	68
tracktor-final	Fly4	0.000806518322441889	39	48356	68
tracktor-final	Fly5	0.0007858383654562	38	48356	68
tracktor-final	Fly6	0.000661758623542063	32	48356	68
tracktor-raw	Fly1	0.0111051369013152	537	48356	68
tracktor-raw	Fly2	0.00694846554719166	336	48356	68
tracktor-raw	Fly3	0.00719662503101994	348	48356	68
tracktor-raw	Fly4	0.00630738688063529	305	48356	68
tracktor-raw	Fly5	0.00980229961121681	474	48356	68
tracktor-raw	Fly6	0.00831334270824717	402	48356	68
tracktor-final	Fly1	0	0	44480	69
tracktor-final	Fly2	4.49640287769784e-05	2	44480	69
tracktor-final	Fly3	4.49640287769784e-05	2	44480	69
tracktor-final	Fly4	2.24820143884892e-05	1	44480	69
tracktor-final	Fly5	0	0	44480	69
tracktor-final	Fly6	2.24820143884892e-05	1	44480	69
tracktor-raw	Fly1	2.24820143884892e-05	1	44480	69
tracktor-raw	Fly2	6.74460431654676e-05	3	44480	69
tracktor-raw	Fly3	4.49640287769784e-05	2	44480	69
tracktor-raw	Fly4	6.74460431654676e-05	3	44480	69
tracktor-raw	Fly5	4.49640287769784e-05	2	44480	69
tracktor-raw	Fly6	0	0	44480	69
tracktor-final	Fly1	0	0	48864	53
tracktor-final	Fly2	0	0	48864	53
tracktor-final	Fly3	0	0	48864	53
tracktor-final	Fly4	0	0	48864	53
tracktor-final	Fly5	0	0	48864	53
tracktor-final	Fly6	0	0	48864	53
tracktor-raw	Fly1	0	0	48864	53
tracktor-raw	Fly2	0	0	48864	53
tracktor-raw	Fly3	0	0	48864	53
tracktor-raw	Fly4	0	0	48864	53
tracktor-raw	Fly5	0	0	48864	53
tracktor-raw	Fly6	0	0	48864	53
tracktor-final	Fly1	0	0	43091	97
tracktor-final	Fly2	0	0	43091	97
tracktor-final	Fly3	0	0	43091	97
tracktor-final	Fly4	0	0	43091	97
tracktor-final	Fly5	0	0	43091	97
tracktor-final	Fly6	0	0	43091	97
tracktor-raw	Fly1	0	0	43091	97
tracktor-raw	Fly2	9.28268083822608e-05	4	43091	97
tracktor-raw	Fly3	9.28268083822608e-05	4	43091	97
tracktor-raw	Fly4	0	0	43091	97
tracktor-raw	Fly5	0	0	43091	97
tracktor-raw	Fly6	4.64134041911304e-05	2	43091	97
tracktor-final	Fly1	0	0	47410	37
tracktor-final	Fly2	0	0	47410	37
tracktor-final	Fly3	0	0	47410	37
tracktor-final	Fly4	0	0	47410	37
tracktor-final	Fly5	4.2185192997258e-05	2	47410	37
tracktor-final	Fly6	0	0	47410	37
tracktor-raw	Fly1	0	0	47410	37
tracktor-raw	Fly2	0	0	47410	37
tracktor-raw	Fly3	0	0	47410	37
tracktor-raw	Fly4	0	0	47410	37
tracktor-raw	Fly5	0	0	47410	37
tracktor-raw	Fly6	0	0	47410	37
tracktor-final	Fly1	0.00341339291255508	165	48339	29
tracktor-final	Fly2	0.00378576304847018	183	48339	29
tracktor-final	Fly3	0.0018618506795755	90	48339	29
tracktor-final	Fly4	0.0019652868284408	95	48339	29
tracktor-final	Fly5	0.00171704007116407	83	48339	29
tracktor-final	Fly6	0.0018618506795755	90	48339	29
tracktor-raw	Fly1	0.00316514615527835	153	48339	29
tracktor-raw	Fly2	0.00390988642710855	189	48339	29
tracktor-raw	Fly3	0.00330995676368977	160	48339	29
tracktor-raw	Fly4	0.00403400980574691	195	48339	29
tracktor-raw	Fly5	0.00266865264072488	129	48339	29
tracktor-raw	Fly6	0.00328926953391671	159	48339	29
tracktor-final	Fly1	4.13599139713789e-05	2	48356	67
tracktor-final	Fly2	0	0	48356	67
tracktor-final	Fly3	0.000124079741914137	6	48356	67
tracktor-final	Fly4	0.000124079741914137	6	48356	67
tracktor-final	Fly5	8.27198279427579e-05	4	48356	67
tracktor-final	Fly6	0.000206799569856895	10	48356	67
tracktor-raw	Fly1	0.000124079741914137	6	48356	67
tracktor-raw	Fly2	0.000124079741914137	6	48356	67
tracktor-raw	Fly3	0.000124079741914137	6	48356	67
tracktor-raw	Fly4	0.000289519397799653	14	48356	67
tracktor-raw	Fly5	0.000165439655885516	8	48356	67
tracktor-raw	Fly6	0.000413599139713789	20	48356	67
tracktor-final	Fly1	0.00011097054841645	5	45057	80
tracktor-final	Fly2	0.000909958497014892	41	45057	80
tracktor-final	Fly3	0.000244135206516191	11	45057	80
tracktor-final	Fly4	0.000266329316199481	12	45057	80
tracktor-final	Fly5	0.000554852742082251	25	45057	80
tracktor-final	Fly6	0.00013316465809974	6	45057	80
tracktor-raw	Fly1	0.00179772288434649	81	45057	80
tracktor-raw	Fly2	0.00226379918769559	102	45057	80
tracktor-raw	Fly3	0.00213063452959585	96	45057	80
tracktor-raw	Fly4	0.00241915795547862	109	45057	80
tracktor-raw	Fly5	0.00162017000688017	73	45057	80
tracktor-raw	Fly6	0.00146481123909714	66	45057	80
tracktor-final	Fly1	6.51324359531046e-05	3	46060	33
tracktor-final	Fly2	8.68432479374729e-05	4	46060	33
tracktor-final	Fly3	8.68432479374729e-05	4	46060	33
tracktor-final	Fly4	2.17108119843682e-05	1	46060	33
tracktor-final	Fly5	0.000108554059921841	5	46060	33
tracktor-final	Fly6	8.68432479374729e-05	4	46060	33
tracktor-raw	Fly1	0.000151975683890578	7	46060	33
tracktor-raw	Fly2	0.000108554059921841	5	46060	33
tracktor-raw	Fly3	0.000282240555796787	13	46060	33
tracktor-raw	Fly4	2.17108119843682e-05	1	46060	33
tracktor-raw	Fly5	0.000282240555796787	13	46060	33
tracktor-raw	Fly6	6.51324359531046e-05	3	46060	33
tracktor-final	Fly1	0	0	45679	99
tracktor-final	Fly2	0	0	45679	99
tracktor-final	Fly3	4.37837956172421e-05	2	45679	99
tracktor-final	Fly4	4.37837956172421e-05	2	45679	99
tracktor-final	Fly5	0	0	45679	99
tracktor-final	Fly6	0	0	45679	99
tracktor-raw	Fly1	0	0	45679	99
tracktor-raw	Fly2	0	0	45679	99
tracktor-raw	Fly3	4.37837956172421e-05	2	45679	99
tracktor-raw	Fly4	4.37837956172421e-05	2	45679	99
tracktor-raw	Fly5	0	0	45679	99
tracktor-raw	Fly6	0	0	45679	99
tracktor-final	Fly1	0	0	47587	16
tracktor-final	Fly2	0	0	47587	16
tracktor-final	Fly3	0	0	47587	16
tracktor-final	Fly4	0	0	47587	16
tracktor-final	Fly5	0	0	47587	16
tracktor-final	Fly6	0	0	47587	16
tracktor-raw	Fly1	0	0	47587	16
tracktor-raw	Fly2	0	0	47587	16
tracktor-raw	Fly3	0	0	47587	16
tracktor-raw	Fly4	0	0	47587	16
tracktor-raw	Fly5	0	0	47587	16
tracktor-raw	Fly6	0	0	47587	16
tracktor-final	Fly1	0	0	48681	39
tracktor-final	Fly2	6.16256855857521e-05	3	48681	39
tracktor-final	Fly3	4.10837903905014e-05	2	48681	39
tracktor-final	Fly4	0	0	48681	39
tracktor-final	Fly5	0	0	48681	39
tracktor-final	Fly6	0	0	48681	39
tracktor-raw	Fly1	0	0	48681	39
tracktor-raw	Fly2	0.000164335161562006	8	48681	39
tracktor-raw	Fly3	0	0	48681	39
tracktor-raw	Fly4	0	0	48681	39
tracktor-raw	Fly5	0	0	48681	39
tracktor-raw	Fly6	0	0	48681	39
tracktor-final	Fly1	8.92916936401991e-05	4	44797	82
tracktor-final	Fly2	0.000223229234100498	10	44797	82
tracktor-final	Fly3	0.000200906310690448	9	44797	82
tracktor-final	Fly4	0.000223229234100498	10	44797	82
tracktor-final	Fly5	0.000223229234100498	10	44797	82
tracktor-final	Fly6	0.00104917740027234	47	44797	82
tracktor-raw	Fly1	0.00102685447686229	46	44797	82
tracktor-raw	Fly2	0.000758979395941693	34	44797	82
tracktor-raw	Fly3	0.00178583387280398	80	44797	82
tracktor-raw	Fly4	0.000915239859812041	41	44797	82
tracktor-raw	Fly5	0.000446458468200996	20	44797	82
tracktor-raw	Fly6	0.000825948166171842	37	44797	82
tracktor-final	Fly1	4.23953365129836e-05	2	47175	17
tracktor-final	Fly2	0	0	47175	17
tracktor-final	Fly3	4.23953365129836e-05	2	47175	17
tracktor-final	Fly4	0	0	47175	17
tracktor-final	Fly5	0	0	47175	17
tracktor-final	Fly6	0	0	47175	17
tracktor-raw	Fly1	4.23953365129836e-05	2	47175	17
tracktor-raw	Fly2	0	0	47175	17
tracktor-raw	Fly3	0	0	47175	17
tracktor-raw	Fly4	0	0	47175	17
tracktor-raw	Fly5	0	0	47175	17
tracktor-raw	Fly6	0	0	47175	17
tracktor-final	Fly1	0	0	43499	89
tracktor-final	Fly2	0.000206901308076048	9	43499	89
tracktor-final	Fly3	0.000459780684613439	20	43499	89
tracktor-final	Fly4	0.000275868410768064	12	43499	89
tracktor-final	Fly5	0.000482769718844111	21	43499	89
tracktor-final	Fly6	0.000183912273845376	8	43499	89
tracktor-raw	Fly1	0.000298857444998736	13	43499	89
tracktor-raw	Fly2	0.000275868410768064	12	43499	89
tracktor-raw	Fly3	0.000275868410768064	12	43499	89
tracktor-raw	Fly4	0.000183912273845376	8	43499	89
tracktor-raw	Fly5	0.000321846479229408	14	43499	89
tracktor-raw	Fly6	0.000275868410768064	12	43499	89
tracktor-final	Fly1	0.00570337936454474	254	44535	85
tracktor-final	Fly2	0.00431121589760862	192	44535	85
tracktor-final	Fly3	0.00453575839227574	202	44535	85
tracktor-final	Fly4	0.00460312114067587	205	44535	85
tracktor-final	Fly5	0.00583810486134501	260	44535	85
tracktor-final	Fly6	0.00574828786347816	256	44535	85
tracktor-raw	Fly1	0.0494667115751656	2203	44535	85
tracktor-raw	Fly2	0.0492421690804985	2193	44535	85
tracktor-raw	Fly3	0.0499831593129	2226	44535	85
tracktor-raw	Fly4	0.0510160547883687	2272	44535	85
tracktor-raw	Fly5	0.0541371954642416	2411	44535	85
tracktor-raw	Fly6	0.0570337936454474	2540	44535	85
tracktor-final	Fly1	4.43882193665801e-05	2	45057	79
tracktor-final	Fly2	0	0	45057	79
tracktor-final	Fly3	2.21941096832901e-05	1	45057	79
tracktor-final	Fly4	8.87764387331602e-05	4	45057	79
tracktor-final	Fly5	4.43882193665801e-05	2	45057	79
tracktor-final	Fly6	0.00015535876778303	7	45057	79
tracktor-raw	Fly1	0.000199746987149611	9	45057	79
tracktor-raw	Fly2	6.65823290498702e-05	3	45057	79
tracktor-raw	Fly3	6.65823290498702e-05	3	45057	79
tracktor-raw	Fly4	0.00015535876778303	7	45057	79
tracktor-raw	Fly5	0.000288523425882771	13	45057	79
tracktor-raw	Fly6	0.000199746987149611	9	45057	79
tracktor-final	Fly1	0	0	45109	65
tracktor-final	Fly2	0	0	45109	65
tracktor-final	Fly3	0	0	45109	65
tracktor-final	Fly4	0	0	45109	65
tracktor-final	Fly5	0	0	45109	65
tracktor-final	Fly6	0	0	45109	65
tracktor-raw	Fly1	0	0	45109	65
tracktor-raw	Fly2	0	0	45109	65
tracktor-raw	Fly3	0	0	45109	65
tracktor-raw	Fly4	0	0	45109	65
tracktor-raw	Fly5	0	0	45109	65
tracktor-raw	Fly6	0	0	45109	65
tracktor-final	Fly1	0	0	48476	5
tracktor-final	Fly2	0	0	48476	5
tracktor-final	Fly3	0	0	48476	5
tracktor-final	Fly4	0	0	48476	5
tracktor-final	Fly5	0	0	48476	5
tracktor-final	Fly6	0	0	48476	5
tracktor-raw	Fly1	0	0	48476	5
tracktor-raw	Fly2	0	0	48476	5
tracktor-raw	Fly3	4.12575294991336e-05	2	48476	5
tracktor-raw	Fly4	6.18862942487004e-05	3	48476	5
tracktor-raw	Fly5	0	0	48476	5
tracktor-raw	Fly6	0	0	48476	5
tracktor-final	Fly1	8.92916936401991e-05	4	44797	81
tracktor-final	Fly2	2.23229234100498e-05	1	44797	81
tracktor-final	Fly3	0.000133937540460299	6	44797	81
tracktor-final	Fly4	4.46458468200996e-05	2	44797	81
tracktor-final	Fly5	4.46458468200996e-05	2	44797	81
tracktor-final	Fly6	0.000111614617050249	5	44797	81
tracktor-raw	Fly1	2.23229234100498e-05	1	44797	81
tracktor-raw	Fly2	6.69687702301493e-05	3	44797	81
tracktor-raw	Fly3	4.46458468200996e-05	2	44797	81
tracktor-raw	Fly4	4.46458468200996e-05	2	44797	81
tracktor-raw	Fly5	4.46458468200996e-05	2	44797	81
tracktor-raw	Fly6	4.46458468200996e-05	2	44797	81
tracktor-final	Fly1	0	0	47909	7
tracktor-final	Fly2	6.26187146465174e-05	3	47909	7
tracktor-final	Fly3	0	0	47909	7
tracktor-final	Fly4	0	0	47909	7
tracktor-final	Fly5	4.17458097643449e-05	2	47909	7
tracktor-final	Fly6	4.17458097643449e-05	2	47909	7
tracktor-raw	Fly1	0	0	47909	7
tracktor-raw	Fly2	0.000521822622054311	25	47909	7
tracktor-raw	Fly3	4.17458097643449e-05	2	47909	7
tracktor-raw	Fly4	0.000104364524410862	5	47909	7
tracktor-raw	Fly5	0.000333966478114759	16	47909	7
tracktor-raw	Fly6	0	0	47909	7
tracktor-final	Fly1	0	0	45661	48
tracktor-final	Fly2	0	0	45661	48
tracktor-final	Fly3	0.00013140316681632	6	45661	48
tracktor-final	Fly4	0	0	45661	48
tracktor-final	Fly5	8.76021112108802e-05	4	45661	48
tracktor-final	Fly6	0	0	45661	48
tracktor-raw	Fly1	6.57015834081601e-05	3	45661	48
tracktor-raw	Fly2	0	0	45661	48
tracktor-raw	Fly3	0.00017520422242176	8	45661	48
tracktor-raw	Fly4	0.0001095026390136	5	45661	48
tracktor-raw	Fly5	8.76021112108802e-05	4	45661	48
tracktor-raw	Fly6	0	0	45661	48
tracktor-final	Fly1	0	0	46035	61
tracktor-final	Fly2	0	0	46035	61
tracktor-final	Fly3	0	0	46035	61
tracktor-final	Fly4	0	0	46035	61
tracktor-final	Fly5	0	0	46035	61
tracktor-final	Fly6	0	0	46035	61
tracktor-raw	Fly1	0	0	46035	61
tracktor-raw	Fly2	0	0	46035	61
tracktor-raw	Fly3	0	0	46035	61
tracktor-raw	Fly4	0	0	46035	61
tracktor-raw	Fly5	0	0	46035	61
tracktor-raw	Fly6	0	0	46035	61
tracktor-final	Fly1	0.000306974459724951	15	48864	52
tracktor-final	Fly2	0	0	48864	52
tracktor-final	Fly3	0.00012278978388998	6	48864	52
tracktor-final	Fly4	0.000163719711853307	8	48864	52
tracktor-final	Fly5	0.000163719711853307	8	48864	52
tracktor-final	Fly6	0.000102324819908317	5	48864	52
tracktor-raw	Fly1	0.000245579567779961	12	48864	52
tracktor-raw	Fly2	0	0	48864	52
tracktor-raw	Fly3	8.18598559266536e-05	4	48864	52
tracktor-raw	Fly4	0.000266044531761624	13	48864	52
tracktor-raw	Fly5	0.000204649639816634	10	48864	52
tracktor-raw	Fly6	6.13948919449902e-05	3	48864	52
tracktor-final	Fly1	0	0	48681	40
tracktor-final	Fly2	0	0	48681	40
tracktor-final	Fly3	0	0	48681	40
tracktor-final	Fly4	0	0	48681	40
tracktor-final	Fly5	8.21675807810029e-05	4	48681	40
tracktor-final	Fly6	0	0	48681	40
tracktor-raw	Fly1	0	0	48681	40
tracktor-raw	Fly2	0	0	48681	40
tracktor-raw	Fly3	0	0	48681	40
tracktor-raw	Fly4	0	0	48681	40
tracktor-raw	Fly5	8.21675807810029e-05	4	48681	40
tracktor-raw	Fly6	0	0	48681	40
tracktor-final	Fly1	0	0	47909	8
tracktor-final	Fly2	4.17458097643449e-05	2	47909	8
tracktor-final	Fly3	0	0	47909	8
tracktor-final	Fly4	0	0	47909	8
tracktor-final	Fly5	0	0	47909	8
tracktor-final	Fly6	0	0	47909	8
tracktor-raw	Fly1	4.17458097643449e-05	2	47909	8
tracktor-raw	Fly2	0.000146110334175207	7	47909	8
tracktor-raw	Fly3	0	0	47909	8
tracktor-raw	Fly4	0	0	47909	8
tracktor-raw	Fly5	2.08729048821725e-05	1	47909	8
tracktor-raw	Fly6	0	0	47909	8
tracktor-final	Fly1	6.50985157538408e-05	3	46084	32
tracktor-final	Fly2	0.000130197031507682	6	46084	32
tracktor-final	Fly3	2.16995052512803e-05	1	46084	32
tracktor-final	Fly4	0	0	46084	32
tracktor-final	Fly5	0.000238694557764083	11	46084	32
tracktor-final	Fly6	6.50985157538408e-05	3	46084	32
tracktor-raw	Fly1	0.000499088620779446	23	46084	32
tracktor-raw	Fly2	0.000477389115528166	22	46084	32
tracktor-raw	Fly3	0.000325492578769204	15	46084	32
tracktor-raw	Fly4	0	0	46084	32
tracktor-raw	Fly5	0.000282093568266644	13	46084	32
tracktor-raw	Fly6	0.000672684662789688	31	46084	32
tracktor-final	Fly1	0	0	45790	25
tracktor-final	Fly2	6.55164883162263e-05	3	45790	25
tracktor-final	Fly3	0	0	45790	25
tracktor-final	Fly4	4.36776588774842e-05	2	45790	25
tracktor-final	Fly5	4.36776588774842e-05	2	45790	25
tracktor-final	Fly6	2.18388294387421e-05	1	45790	25
tracktor-raw	Fly1	0	0	45790	25
tracktor-raw	Fly2	0	0	45790	25
tracktor-raw	Fly3	0	0	45790	25
tracktor-raw	Fly4	0	0	45790	25
tracktor-raw	Fly5	2.18388294387421e-05	1	45790	25
tracktor-raw	Fly6	2.18388294387421e-05	1	45790	25
tracktor-final	Fly1	0.000228733026969703	11	48091	43
tracktor-final	Fly2	0.000228733026969703	11	48091	43
tracktor-final	Fly3	0.000249526938512404	12	48091	43
tracktor-final	Fly4	8.31756461708012e-05	4	48091	43
tracktor-final	Fly5	0.000228733026969703	11	48091	43
tracktor-final	Fly6	0.000103969557713501	5	48091	43
tracktor-raw	Fly1	0.000914932107878813	44	48091	43
tracktor-raw	Fly2	0.00103969557713501	50	48091	43
tracktor-raw	Fly3	0.000332702584683205	16	48091	43
tracktor-raw	Fly4	0.00072778690399451	35	48091	43
tracktor-raw	Fly5	0.000769374727079911	37	48091	43
tracktor-raw	Fly6	0.000478259965482107	23	48091	43
tracktor-final	Fly1	2.18388294387421e-05	1	45790	24
tracktor-final	Fly2	0.0004149377593361	19	45790	24
tracktor-final	Fly3	0.0004149377593361	19	45790	24
tracktor-final	Fly4	0.00122297444856956	56	45790	24
tracktor-final	Fly5	0.000131032976632453	6	45790	24
tracktor-final	Fly6	0.000131032976632453	6	45790	24
tracktor-raw	Fly1	0	0	45790	24
tracktor-raw	Fly2	0.000436776588774842	20	45790	24
tracktor-raw	Fly3	0.000240227123826163	11	45790	24
tracktor-raw	Fly4	0.00131032976632452	60	45790	24
tracktor-raw	Fly5	6.55164883162263e-05	3	45790	24
tracktor-raw	Fly6	0.0004149377593361	19	45790	24
tracktor-final	Fly1	0	0	43499	87
tracktor-final	Fly2	0	0	43499	87
tracktor-final	Fly3	0	0	43499	87
tracktor-final	Fly4	0	0	43499	87
tracktor-final	Fly5	0	0	43499	87
tracktor-final	Fly6	0	0	43499	87
tracktor-raw	Fly1	0	0	43499	87
tracktor-raw	Fly2	0	0	43499	87
tracktor-raw	Fly3	0	0	43499	87
tracktor-raw	Fly4	0	0	43499	87
tracktor-raw	Fly5	0	0	43499	87
tracktor-raw	Fly6	0	0	43499	87
tracktor-final	Fly1	0.000957395883197702	46	48047	11
tracktor-final	Fly2	0.00108227360709305	52	48047	11
tracktor-final	Fly3	0.000790892251337232	38	48047	11
tracktor-final	Fly4	0.000728453389389556	35	48047	11
tracktor-final	Fly5	0.000915769975232585	44	48047	11
tracktor-final	Fly6	0.000104064769912794	5	48047	11
tracktor-raw	Fly1	0.00168584927258726	81	48047	11
tracktor-raw	Fly2	0.0023726767540117	114	48047	11
tracktor-raw	Fly3	0.00291381355755822	140	48047	11
tracktor-raw	Fly4	0.00129040314691864	62	48047	11
tracktor-raw	Fly5	0.00270568401773264	130	48047	11
tracktor-raw	Fly6	0.00118633837700585	57	48047	11
tracktor-final	Fly1	0.000357240422804547	17	47587	15
tracktor-final	Fly2	0.000126084855107487	6	47587	15
tracktor-final	Fly3	0	0	47587	15
tracktor-final	Fly4	0	0	47587	15
tracktor-final	Fly5	2.10141425179146e-05	1	47587	15
tracktor-final	Fly6	2.10141425179146e-05	1	47587	15
tracktor-raw	Fly1	0.000126084855107487	6	47587	15
tracktor-raw	Fly2	4.20282850358291e-05	2	47587	15
tracktor-raw	Fly3	2.10141425179146e-05	1	47587	15
tracktor-raw	Fly4	0.000252169710214975	12	47587	15
tracktor-raw	Fly5	0.000210141425179146	10	47587	15
tracktor-raw	Fly6	0.000252169710214975	12	47587	15
tracktor-final	Fly1	0	0	46184	73
tracktor-final	Fly2	4.33050407067383e-05	2	46184	73
tracktor-final	Fly3	0	0	46184	73
tracktor-final	Fly4	0	0	46184	73
tracktor-final	Fly5	2.16525203533691e-05	1	46184	73
tracktor-final	Fly6	4.33050407067383e-05	2	46184	73
tracktor-raw	Fly1	0	0	46184	73
tracktor-raw	Fly2	4.33050407067383e-05	2	46184	73
tracktor-raw	Fly3	0	0	46184	73
tracktor-raw	Fly4	0	0	46184	73
tracktor-raw	Fly5	0	0	46184	73
tracktor-raw	Fly6	0	0	46184	73
tracktor-final	Fly1	0.000106945008876436	5	46753	59
tracktor-final	Fly2	2.13890017752871e-05	1	46753	59
tracktor-final	Fly3	0.000106945008876436	5	46753	59
tracktor-final	Fly4	8.55560071011486e-05	4	46753	59
tracktor-final	Fly5	2.13890017752871e-05	1	46753	59
tracktor-final	Fly6	6.41670053258614e-05	3	46753	59
tracktor-raw	Fly1	0	0	46753	59
tracktor-raw	Fly2	2.13890017752871e-05	1	46753	59
tracktor-raw	Fly3	0	0	46753	59
tracktor-raw	Fly4	4.27780035505743e-05	2	46753	59
tracktor-raw	Fly5	2.13890017752871e-05	1	46753	59
tracktor-raw	Fly6	0	0	46753	59
tracktor-final	Fly1	0	0	46451	47
tracktor-final	Fly2	0	0	46451	47
tracktor-final	Fly3	0	0	46451	47
tracktor-final	Fly4	0	0	46451	47
tracktor-final	Fly5	0	0	46451	47
tracktor-final	Fly6	0	0	46451	47
tracktor-raw	Fly1	0	0	46451	47
tracktor-raw	Fly2	0	0	46451	47
tracktor-raw	Fly3	0	0	46451	47
tracktor-raw	Fly4	0	0	46451	47
tracktor-raw	Fly5	0	0	46451	47
tracktor-raw	Fly6	0	0	46451	47
tracktor-final	Fly1	0	0	46980	64
tracktor-final	Fly2	0.000148999574286931	7	46980	64
tracktor-final	Fly3	0.0002767134951043	13	46980	64
tracktor-final	Fly4	2.12856534695615e-05	1	46980	64
tracktor-final	Fly5	0.000553426990208599	26	46980	64
tracktor-final	Fly6	4.2571306939123e-05	2	46980	64
tracktor-raw	Fly1	0.000255427841634738	12	46980	64
tracktor-raw	Fly2	0.000574712643678161	27	46980	64
tracktor-raw	Fly3	0.00097914005959983	46	46980	64
tracktor-raw	Fly4	0.00070242656449553	33	46980	64
tracktor-raw	Fly5	0.00131971051511281	62	46980	64
tracktor-raw	Fly6	6.38569604086846e-05	3	46980	64
tracktor-final	Fly1	0	0	48864	50
tracktor-final	Fly2	0	0	48864	50
tracktor-final	Fly3	0	0	48864	50
tracktor-final	Fly4	0	0	48864	50
tracktor-final	Fly5	8.18598559266536e-05	4	48864	50
tracktor-final	Fly6	4.09299279633268e-05	2	48864	50
tracktor-raw	Fly1	0	0	48864	50
tracktor-raw	Fly2	0	0	48864	50
tracktor-raw	Fly3	4.09299279633268e-05	2	48864	50
tracktor-raw	Fly4	0	0	48864	50
tracktor-raw	Fly5	4.09299279633268e-05	2	48864	50
tracktor-raw	Fly6	4.09299279633268e-05	2	48864	50
tracktor-final	Fly1	0	0	43259	92
tracktor-final	Fly2	2.3116576897293e-05	1	43259	92
tracktor-final	Fly3	0.000739730460713378	32	43259	92
tracktor-final	Fly4	0.000184932615178344	8	43259	92
tracktor-final	Fly5	0	0	43259	92
tracktor-final	Fly6	0	0	43259	92
tracktor-raw	Fly1	0	0	43259	92
tracktor-raw	Fly2	0	0	43259	92
tracktor-raw	Fly3	0	0	43259	92
tracktor-raw	Fly4	0	0	43259	92
tracktor-raw	Fly5	0	0	43259	92
tracktor-raw	Fly6	0	0	43259	92
tracktor-final	Fly1	0.000556114046157466	26	46753	58
tracktor-final	Fly2	0.000491947040831604	23	46753	58
tracktor-final	Fly3	0.000342224028404594	16	46753	58
tracktor-final	Fly4	0.000663059055033902	31	46753	58
tracktor-final	Fly5	0.000812782067460912	38	46753	58
tracktor-final	Fly6	0.000641670053258614	30	46753	58
tracktor-raw	Fly1	0.0025025132077086	117	46753	58
tracktor-raw	Fly2	0.00243834620238273	114	46753	58
tracktor-raw	Fly3	0.00263084721836032	123	46753	58
tracktor-raw	Fly4	0.00156139712959596	73	46753	58
tracktor-raw	Fly5	0.00290890424143905	136	46753	58
tracktor-raw	Fly6	0.00258806921480974	121	46753	58
tracktor-final	Fly1	0.000174710635509937	8	45790	23
tracktor-final	Fly2	0.00010919414719371	5	45790	23
tracktor-final	Fly3	0	0	45790	23
tracktor-final	Fly4	2.18388294387421e-05	1	45790	23
tracktor-final	Fly5	0.000152871806071195	7	45790	23
tracktor-final	Fly6	8.73553177549683e-05	4	45790	23
tracktor-raw	Fly1	0.000436776588774842	20	45790	23
tracktor-raw	Fly2	0.000327582441581131	15	45790	23
tracktor-raw	Fly3	0.000218388294387421	10	45790	23
tracktor-raw	Fly4	0.000458615418213584	21	45790	23
tracktor-raw	Fly5	0.000349421271019873	16	45790	23
tracktor-raw	Fly6	0.000305743612142389	14	45790	23
tracktor-final	Fly1	0	0	43091	98
tracktor-final	Fly2	0	0	43091	98
tracktor-final	Fly3	0	0	43091	98
tracktor-final	Fly4	0	0	43091	98
tracktor-final	Fly5	0	0	43091	98
tracktor-final	Fly6	0	0	43091	98
tracktor-raw	Fly1	0	0	43091	98
tracktor-raw	Fly2	0	0	43091	98
tracktor-raw	Fly3	0	0	43091	98
tracktor-raw	Fly4	0	0	43091	98
tracktor-raw	Fly5	0	0	43091	98
tracktor-raw	Fly6	0	0	43091	98
tracktor-final	Fly1	0.000439214961048568	19	43259	93
tracktor-final	Fly2	0.000392981807253982	17	43259	93
tracktor-final	Fly3	0.000647264153124205	28	43259	93
tracktor-final	Fly4	0.000785963614507964	34	43259	93
tracktor-final	Fly5	0.000508564691740447	22	43259	93
tracktor-final	Fly6	0.000508564691740447	22	43259	93
tracktor-raw	Fly1	0.000901546498994429	39	43259	93
tracktor-raw	Fly2	0.000924663075891722	40	43259	93
tracktor-raw	Fly3	0.00106336253727548	46	43259	93
tracktor-raw	Fly4	0.0016643935366051	72	43259	93
tracktor-raw	Fly5	0.00108647911417277	47	43259	93
tracktor-raw	Fly6	0.00113271226796736	49	43259	93
tracktor-final	Fly1	0.000208729048821725	10	47909	6
tracktor-final	Fly2	0	0	47909	6
tracktor-final	Fly3	2.08729048821725e-05	1	47909	6
tracktor-final	Fly4	0.000125237429293035	6	47909	6
tracktor-final	Fly5	0	0	47909	6
tracktor-final	Fly6	0	0	47909	6
tracktor-raw	Fly1	0	0	47909	6
tracktor-raw	Fly2	0	0	47909	6
tracktor-raw	Fly3	8.34916195286898e-05	4	47909	6
tracktor-raw	Fly4	0	0	47909	6
tracktor-raw	Fly5	0	0	47909	6
tracktor-raw	Fly6	0	0	47909	6
tracktor-final	Fly1	4.49640287769784e-05	2	44480	71
tracktor-final	Fly2	0	0	44480	71
tracktor-final	Fly3	0	0	44480	71
tracktor-final	Fly4	0	0	44480	71
tracktor-final	Fly5	0	0	44480	71
tracktor-final	Fly6	2.24820143884892e-05	1	44480	71
tracktor-raw	Fly1	0	0	44480	71
tracktor-raw	Fly2	0	0	44480	71
tracktor-raw	Fly3	0	0	44480	71
tracktor-raw	Fly4	0	0	44480	71
tracktor-raw	Fly5	0	0	44480	71
tracktor-raw	Fly6	0	0	44480	71
tracktor-final	Fly1	4.36776588774842e-05	2	45790	26
tracktor-final	Fly2	8.73553177549683e-05	4	45790	26
tracktor-final	Fly3	8.73553177549683e-05	4	45790	26
tracktor-final	Fly4	4.36776588774842e-05	2	45790	26
tracktor-final	Fly5	4.36776588774842e-05	2	45790	26
tracktor-final	Fly6	2.18388294387421e-05	1	45790	26
tracktor-raw	Fly1	2.18388294387421e-05	1	45790	26
tracktor-raw	Fly2	4.36776588774842e-05	2	45790	26
tracktor-raw	Fly3	4.36776588774842e-05	2	45790	26
tracktor-raw	Fly4	0	0	45790	26
tracktor-raw	Fly5	4.36776588774842e-05	2	45790	26
tracktor-raw	Fly6	2.18388294387421e-05	1	45790	26
tracktor-final	Fly1	0.00217215912617141	105	48339	28
tracktor-final	Fly2	0.00192391236889468	93	48339	28
tracktor-final	Fly3	0.0023376569643559	113	48339	28
tracktor-final	Fly4	0.00202734851775999	98	48339	28
tracktor-final	Fly5	0.00167566561161795	81	48339	28
tracktor-final	Fly6	0.00235834419412896	114	48339	28
tracktor-raw	Fly1	0.0174186474689174	842	48339	28
tracktor-raw	Fly2	0.0168187178054987	813	48339	28
tracktor-raw	Fly3	0.0196942427439542	952	48339	28
tracktor-raw	Fly4	0.0174600219284636	844	48339	28
tracktor-raw	Fly5	0.0185564451064358	897	48339	28
tracktor-raw	Fly6	0.0167359688864064	809	48339	28
tracktor-final	Fly1	0.00010652576858342	5	46937	22
tracktor-final	Fly2	0.00010652576858342	5	46937	22
tracktor-final	Fly3	2.13051537166841e-05	1	46937	22
tracktor-final	Fly4	0.000149136076016788	7	46937	22
tracktor-final	Fly5	2.13051537166841e-05	1	46937	22
tracktor-final	Fly6	0.00010652576858342	5	46937	22
tracktor-raw	Fly1	0.000234356690883525	11	46937	22
tracktor-raw	Fly2	0.000213051537166841	10	46937	22
tracktor-raw	Fly3	0.00068176491893389	32	46937	22
tracktor-raw	Fly4	0.000213051537166841	10	46937	22
tracktor-raw	Fly5	0.000149136076016788	7	46937	22
tracktor-raw	Fly6	0.000255661844600209	12	46937	22
tracktor-final	Fly1	6.23687657221264e-05	3	48101	35
tracktor-final	Fly2	0	0	48101	35
tracktor-final	Fly3	0.000103947942870211	5	48101	35
tracktor-final	Fly4	4.15791771480842e-05	2	48101	35
tracktor-final	Fly5	0.000166316708592337	8	48101	35
tracktor-final	Fly6	0	0	48101	35
tracktor-raw	Fly1	4.15791771480842e-05	2	48101	35
tracktor-raw	Fly2	6.23687657221264e-05	3	48101	35
tracktor-raw	Fly3	0.000187106297166379	9	48101	35
tracktor-raw	Fly4	0.000207895885740421	10	48101	35
tracktor-raw	Fly5	0.0003950021829068	19	48101	35
tracktor-raw	Fly6	0	0	48101	35
tracktor-final	Fly1	0.000700651818509947	33	47099	42
tracktor-final	Fly2	0.000318478099322703	15	47099	42
tracktor-final	Fly3	0.000254782479458163	12	47099	42
tracktor-final	Fly4	0.000318478099322703	15	47099	42
tracktor-final	Fly5	6.36956198645406e-05	3	47099	42
tracktor-final	Fly6	0.000806811184950848	38	47099	42
tracktor-raw	Fly1	0.000169854986305442	8	47099	42
tracktor-raw	Fly2	0.000594492452069046	28	47099	42
tracktor-raw	Fly3	0.00104036179112083	49	47099	42
tracktor-raw	Fly4	0.00106159366440901	50	47099	42
tracktor-raw	Fly5	0.00097666617125629	46	47099	42
tracktor-raw	Fly6	0.000424637465763604	20	47099	42
tracktor-final	Fly1	0.000651438418055351	31	47587	14
tracktor-final	Fly2	0.000756509130644924	36	47587	14
tracktor-final	Fly3	0.00046231113539412	22	47587	14
tracktor-final	Fly4	0.000378254565322462	18	47587	14
tracktor-final	Fly5	0.000357240422804547	17	47587	14
tracktor-final	Fly6	0.00073549498812701	35	47587	14
tracktor-raw	Fly1	0.0018702586840944	89	47587	14
tracktor-raw	Fly2	0.00128186269359279	61	47587	14
tracktor-raw	Fly3	0.0014499758337361	69	47587	14
tracktor-raw	Fly4	0.00172315968646899	82	47587	14
tracktor-raw	Fly5	0.00199634353920188	95	47587	14
tracktor-raw	Fly6	0.00151301826128985	72	47587	14
tracktor-final	Fly1	0.000278057023078733	13	46753	57
tracktor-final	Fly2	0.000427780035505743	20	46753	57
tracktor-final	Fly3	0.00014972301242701	7	46753	57
tracktor-final	Fly4	0.000427780035505743	20	46753	57
tracktor-final	Fly5	4.27780035505743e-05	2	46753	57
tracktor-final	Fly6	0.000534725044382179	25	46753	57
tracktor-raw	Fly1	0.00014972301242701	7	46753	57
tracktor-raw	Fly2	0.00014972301242701	7	46753	57
tracktor-raw	Fly3	0.00014972301242701	7	46753	57
tracktor-raw	Fly4	0.000128334010651723	6	46753	57
tracktor-raw	Fly5	0.00044916903728103	21	46753	57
tracktor-raw	Fly6	0.00014972301242701	7	46753	57
tracktor-final	Fly1	4.10837903905014e-05	2	48681	41
tracktor-final	Fly2	0	0	48681	41
tracktor-final	Fly3	6.16256855857521e-05	3	48681	41
tracktor-final	Fly4	2.05418951952507e-05	1	48681	41
tracktor-final	Fly5	0	0	48681	41
tracktor-final	Fly6	4.10837903905014e-05	2	48681	41
tracktor-raw	Fly1	0.000123251371171504	6	48681	41
tracktor-raw	Fly2	6.16256855857521e-05	3	48681	41
tracktor-raw	Fly3	4.10837903905014e-05	2	48681	41
tracktor-raw	Fly4	0	0	48681	41
tracktor-raw	Fly5	0	0	48681	41
tracktor-raw	Fly6	8.21675807810029e-05	4	48681	41
tracktor-final	Fly1	0.000310199354785342	15	48356	66
tracktor-final	Fly2	0.000206799569856895	10	48356	66
tracktor-final	Fly3	0.000351559268756721	17	48356	66
tracktor-final	Fly4	0.000103399784928447	5	48356	66
tracktor-final	Fly5	0.000248159483828274	12	48356	66
tracktor-final	Fly6	0.000496318967656547	24	48356	66
tracktor-raw	Fly1	0.00368103234345273	178	48356	66
tracktor-raw	Fly2	0.0029365538919679	142	48356	66
tracktor-raw	Fly3	0.00413599139713789	200	48356	66
tracktor-raw	Fly4	0.00225411531144015	109	48356	66
tracktor-raw	Fly5	0.00219207544048308	106	48356	66
tracktor-raw	Fly6	0.0025436347092398	123	48356	66
tracktor-final	Fly1	8.52206148667363e-05	4	46937	21
tracktor-final	Fly2	0.00010652576858342	5	46937	21
tracktor-final	Fly3	4.26103074333681e-05	2	46937	21
tracktor-final	Fly4	0.000149136076016788	7	46937	21
tracktor-final	Fly5	0.000234356690883525	11	46937	21
tracktor-final	Fly6	0.000149136076016788	7	46937	21
tracktor-raw	Fly1	0.000149136076016788	7	46937	21
tracktor-raw	Fly2	0.000234356690883525	11	46937	21
tracktor-raw	Fly3	0.000149136076016788	7	46937	21
tracktor-raw	Fly4	0.000127830922300104	6	46937	21
tracktor-raw	Fly5	0.000319577305750261	15	46937	21
tracktor-raw	Fly6	0.00010652576858342	5	46937	21
tracktor-final	Fly1	0	0	46184	74
tracktor-final	Fly2	0	0	46184	74
tracktor-final	Fly3	0	0	46184	74
tracktor-final	Fly4	0	0	46184	74
tracktor-final	Fly5	0	0	46184	74
tracktor-final	Fly6	0	0	46184	74
tracktor-raw	Fly1	0	0	46184	74
tracktor-raw	Fly2	8.66100814134765e-05	4	46184	74
tracktor-raw	Fly3	8.66100814134765e-05	4	46184	74
tracktor-raw	Fly4	8.66100814134765e-05	4	46184	74
tracktor-raw	Fly5	0	0	46184	74
tracktor-raw	Fly6	0	0	46184	74
tracktor-final	Fly1	4.43882193665801e-05	2	45057	78
tracktor-final	Fly2	0.000421688083982511	19	45057	78
tracktor-final	Fly3	0.000199746987149611	9	45057	78
tracktor-final	Fly4	0.000266329316199481	12	45057	78
tracktor-final	Fly5	0.00011097054841645	5	45057	78
tracktor-final	Fly6	0.000199746987149611	9	45057	78
tracktor-raw	Fly1	0.00470515125285749	212	45057	78
tracktor-raw	Fly2	0.00315156357502719	142	45057	78
tracktor-raw	Fly3	0.00339569878154338	153	45057	78
tracktor-raw	Fly4	0.0024635461748452	111	45057	78
tracktor-raw	Fly5	0.00392835741394234	177	45057	78
tracktor-raw	Fly6	0.00359544576869299	162	45057	78
tracktor-final	Fly1	0	0	48047	10
tracktor-final	Fly2	0	0	48047	10
tracktor-final	Fly3	0	0	48047	10
tracktor-final	Fly4	0	0	48047	10
tracktor-final	Fly5	0	0	48047	10
tracktor-final	Fly6	0	0	48047	10
tracktor-raw	Fly1	0	0	48047	10
tracktor-raw	Fly2	0	0	48047	10
tracktor-raw	Fly3	0	0	48047	10
tracktor-raw	Fly4	0	0	48047	10
tracktor-raw	Fly5	0	0	48047	10
tracktor-raw	Fly6	0	0	48047	10
tracktor-final	Fly1	0	0	48864	55
tracktor-final	Fly2	0	0	48864	55
tracktor-final	Fly3	0	0	48864	55
tracktor-final	Fly4	0	0	48864	55
tracktor-final	Fly5	0	0	48864	55
tracktor-final	Fly6	0.00012278978388998	6	48864	55
tracktor-raw	Fly1	0	0	48864	55
tracktor-raw	Fly2	0	0	48864	55
tracktor-raw	Fly3	0	0	48864	55
tracktor-raw	Fly4	0	0	48864	55
tracktor-raw	Fly5	0	0	48864	55
tracktor-raw	Fly6	0.000163719711853307	8	48864	55
tracktor-final	Fly1	4.49640287769784e-05	2	44480	72
tracktor-final	Fly2	0.000224820143884892	10	44480	72
tracktor-final	Fly3	0.000382194244604317	17	44480	72
tracktor-final	Fly4	0.000607014388489209	27	44480	72
tracktor-final	Fly5	8.99280575539568e-05	4	44480	72
tracktor-final	Fly6	0.000157374100719424	7	44480	72
tracktor-raw	Fly1	0.000224820143884892	10	44480	72
tracktor-raw	Fly2	0.000472122302158273	21	44480	72
tracktor-raw	Fly3	0.000224820143884892	10	44480	72
tracktor-raw	Fly4	0.000651978417266187	29	44480	72
tracktor-raw	Fly5	6.74460431654676e-05	3	44480	72
tracktor-raw	Fly6	0.000337230215827338	15	44480	72
tracktor-final	Fly1	0	0	47175	19
tracktor-final	Fly2	0	0	47175	19
tracktor-final	Fly3	0	0	47175	19
tracktor-final	Fly4	0	0	47175	19
tracktor-final	Fly5	0	0	47175	19
tracktor-final	Fly6	0	0	47175	19
tracktor-raw	Fly1	0	0	47175	19
tracktor-raw	Fly2	0	0	47175	19
tracktor-raw	Fly3	0	0	47175	19
tracktor-raw	Fly4	4.23953365129836e-05	2	47175	19
tracktor-raw	Fly5	0	0	47175	19
tracktor-raw	Fly6	0	0	47175	19
tracktor-final	Fly1	0.000332911645249351	15	45057	77
tracktor-final	Fly2	0.000244135206516191	11	45057	77
tracktor-final	Fly3	0.00011097054841645	5	45057	77
tracktor-final	Fly4	0.00013316465809974	6	45057	77
tracktor-final	Fly5	0.00011097054841645	5	45057	77
tracktor-final	Fly6	2.21941096832901e-05	1	45057	77
tracktor-raw	Fly1	0.00011097054841645	5	45057	77
tracktor-raw	Fly2	0.000355105754932641	16	45057	77
tracktor-raw	Fly3	0.000266329316199481	12	45057	77
tracktor-raw	Fly4	0.000421688083982511	19	45057	77
tracktor-raw	Fly5	0.000332911645249351	15	45057	77
tracktor-raw	Fly6	4.43882193665801e-05	2	45057	77
tracktor-final	Fly1	6.23687657221264e-05	3	48101	34
tracktor-final	Fly2	2.07895885740421e-05	1	48101	34
tracktor-final	Fly3	0	0	48101	34
tracktor-final	Fly4	0.000166316708592337	8	48101	34
tracktor-final	Fly5	2.07895885740421e-05	1	48101	34
tracktor-final	Fly6	0.000103947942870211	5	48101	34
tracktor-raw	Fly1	4.15791771480842e-05	2	48101	34
tracktor-raw	Fly2	0.000166316708592337	8	48101	34
tracktor-raw	Fly3	6.23687657221264e-05	3	48101	34
tracktor-raw	Fly4	0.000415791771480842	20	48101	34
tracktor-raw	Fly5	4.15791771480842e-05	2	48101	34
tracktor-raw	Fly6	0.000145527120018295	7	48101	34
tracktor-final	Fly1	6.23817346281009e-05	3	48091	44
tracktor-final	Fly2	8.31756461708012e-05	4	48091	44
tracktor-final	Fly3	0.00072778690399451	35	48091	44
tracktor-final	Fly4	0.000457466053939407	22	48091	44
tracktor-final	Fly5	6.23817346281009e-05	3	48091	44
tracktor-final	Fly6	0.000540641700110208	26	48091	44
tracktor-raw	Fly1	0.000977313842506914	47	48091	44
tracktor-raw	Fly2	0.000457466053939407	22	48091	44
tracktor-raw	Fly3	0.000914932107878813	44	48091	44
tracktor-raw	Fly4	0.00122684078101932	59	48091	44
tracktor-raw	Fly5	0.000457466053939407	22	48091	44
tracktor-raw	Fly6	0.000582229523195608	28	48091	44
tracktor-final	Fly1	4.12575294991336e-05	2	48476	2
tracktor-final	Fly2	0	0	48476	2
tracktor-final	Fly3	0	0	48476	2
tracktor-final	Fly4	2.06287647495668e-05	1	48476	2
tracktor-final	Fly5	0	0	48476	2
tracktor-final	Fly6	2.06287647495668e-05	1	48476	2
tracktor-raw	Fly1	0.000165030117996534	8	48476	2
tracktor-raw	Fly2	0.000185658882746101	9	48476	2
tracktor-raw	Fly3	0.000123772588497401	6	48476	2
tracktor-raw	Fly4	4.12575294991336e-05	2	48476	2
tracktor-raw	Fly5	0.000165030117996534	8	48476	2
tracktor-raw	Fly6	6.18862942487004e-05	3	48476	2
tracktor-final	Fly1	0	0	45790	27
tracktor-final	Fly2	6.55164883162263e-05	3	45790	27
tracktor-final	Fly3	8.73553177549683e-05	4	45790	27
tracktor-final	Fly4	2.18388294387421e-05	1	45790	27
tracktor-final	Fly5	8.73553177549683e-05	4	45790	27
tracktor-final	Fly6	8.73553177549683e-05	4	45790	27
tracktor-raw	Fly1	0	0	45790	27
tracktor-raw	Fly2	6.55164883162263e-05	3	45790	27
tracktor-raw	Fly3	4.36776588774842e-05	2	45790	27
tracktor-raw	Fly4	2.18388294387421e-05	1	45790	27
tracktor-raw	Fly5	2.18388294387421e-05	1	45790	27
tracktor-raw	Fly6	6.55164883162263e-05	3	45790	27
tracktor-final	Fly1	0.000245552157510548	11	44797	83
tracktor-final	Fly2	0.000223229234100498	10	44797	83
tracktor-final	Fly3	0.000133937540460299	6	44797	83
tracktor-final	Fly4	2.23229234100498e-05	1	44797	83
tracktor-final	Fly5	2.23229234100498e-05	1	44797	83
tracktor-final	Fly6	0.000312520927740697	14	44797	83
tracktor-raw	Fly1	0	0	44797	83
tracktor-raw	Fly2	0	0	44797	83
tracktor-raw	Fly3	0	0	44797	83
tracktor-raw	Fly4	0	0	44797	83
tracktor-raw	Fly5	0	0	44797	83
tracktor-raw	Fly6	8.92916936401991e-05	4	44797	83
tracktor-final	Fly1	2.2989034230672e-05	1	43499	90
tracktor-final	Fly2	6.89671026920159e-05	3	43499	90
tracktor-final	Fly3	0	0	43499	90
tracktor-final	Fly4	6.89671026920159e-05	3	43499	90
tracktor-final	Fly5	4.59780684613439e-05	2	43499	90
tracktor-final	Fly6	0	0	43499	90
tracktor-raw	Fly1	0	0	43499	90
tracktor-raw	Fly2	0.00011494517115336	5	43499	90
tracktor-raw	Fly3	4.59780684613439e-05	2	43499	90
tracktor-raw	Fly4	6.89671026920159e-05	3	43499	90
tracktor-raw	Fly5	0	0	43499	90
tracktor-raw	Fly6	0	0	43499	90
tracktor-final	Fly1	0	0	49653	84
tracktor-final	Fly2	0	0	49653	84
tracktor-final	Fly3	0.000100698850019133	5	49653	84
tracktor-final	Fly4	0.000201397700038266	10	49653	84
tracktor-final	Fly5	0.000463214710088011	23	49653	84
tracktor-final	Fly6	0.000664612410126276	33	49653	84
tracktor-raw	Fly1	0	0	49653	84
tracktor-raw	Fly2	0	0	49653	84
tracktor-raw	Fly3	0.000422935170080358	21	49653	84
tracktor-raw	Fly4	0.00151048275028699	75	49653	84
tracktor-raw	Fly5	0.000886149880168368	44	49653	84
tracktor-raw	Fly6	0.00116810666022194	58	49653	84
tracktor-final	Fly1	0	0	48476	3
tracktor-final	Fly2	6.18862942487004e-05	3	48476	3
tracktor-final	Fly3	2.06287647495668e-05	1	48476	3
tracktor-final	Fly4	2.06287647495668e-05	1	48476	3
tracktor-final	Fly5	2.06287647495668e-05	1	48476	3
tracktor-final	Fly6	0	0	48476	3
tracktor-raw	Fly1	0.000247545176994802	12	48476	3
tracktor-raw	Fly2	0.000309431471243502	15	48476	3
tracktor-raw	Fly3	4.12575294991336e-05	2	48476	3
tracktor-raw	Fly4	8.25150589982672e-05	4	48476	3
tracktor-raw	Fly5	6.18862942487004e-05	3	48476	3
tracktor-raw	Fly6	0	0	48476	3
tracktor-final	Fly1	4.23953365129836e-05	2	47175	18
tracktor-final	Fly2	0	0	47175	18
tracktor-final	Fly3	0	0	47175	18
tracktor-final	Fly4	0	0	47175	18
tracktor-final	Fly5	4.23953365129836e-05	2	47175	18
tracktor-final	Fly6	0	0	47175	18
tracktor-raw	Fly1	0.000190779014308426	9	47175	18
tracktor-raw	Fly2	0	0	47175	18
tracktor-raw	Fly3	2.11976682564918e-05	1	47175	18
tracktor-raw	Fly4	6.35930047694754e-05	3	47175	18
tracktor-raw	Fly5	2.11976682564918e-05	1	47175	18
tracktor-raw	Fly6	0	0	47175	18
tracktor-final	Fly1	0	0	46451	45
tracktor-final	Fly2	0	0	46451	45
tracktor-final	Fly3	0	0	46451	45
tracktor-final	Fly4	4.30561236571871e-05	2	46451	45
tracktor-final	Fly5	0	0	46451	45
tracktor-final	Fly6	0	0	46451	45
tracktor-raw	Fly1	0	0	46451	45
tracktor-raw	Fly2	0	0	46451	45
tracktor-raw	Fly3	0	0	46451	45
tracktor-raw	Fly4	4.30561236571871e-05	2	46451	45
tracktor-raw	Fly5	0	0	46451	45
tracktor-raw	Fly6	8.61122473143743e-05	4	46451	45
tracktor-final	Fly1	9.19561369226879e-05	4	43499	88
tracktor-final	Fly2	0	0	43499	88
tracktor-final	Fly3	0	0	43499	88
tracktor-final	Fly4	0	0	43499	88
tracktor-final	Fly5	9.19561369226879e-05	4	43499	88
tracktor-final	Fly6	0	0	43499	88
tracktor-raw	Fly1	9.19561369226879e-05	4	43499	88
tracktor-raw	Fly2	0	0	43499	88
tracktor-raw	Fly3	0	0	43499	88
tracktor-raw	Fly4	0	0	43499	88
tracktor-raw	Fly5	9.19561369226879e-05	4	43499	88
tracktor-raw	Fly6	0	0	43499	88
tracktor-final	Fly1	0.000124877723895352	6	48047	13
tracktor-final	Fly2	0.000104064769912794	5	48047	13
tracktor-final	Fly3	2.08129539825587e-05	1	48047	13
tracktor-final	Fly4	0.000104064769912794	5	48047	13
tracktor-final	Fly5	8.3251815930235e-05	4	48047	13
tracktor-final	Fly6	6.24388619476762e-05	3	48047	13
tracktor-raw	Fly1	0.00016650363186047	8	48047	13
tracktor-raw	Fly2	0.000145690677877911	7	48047	13
tracktor-raw	Fly3	2.08129539825587e-05	1	48047	13
tracktor-raw	Fly4	0.000145690677877911	7	48047	13
tracktor-raw	Fly5	8.3251815930235e-05	4	48047	13
tracktor-raw	Fly6	0.000104064769912794	5	48047	13
tracktor-final	Fly1	4.44177937681835e-05	2	45027	75
tracktor-final	Fly2	0	0	45027	75
tracktor-final	Fly3	2.22088968840918e-05	1	45027	75
tracktor-final	Fly4	0	0	45027	75
tracktor-final	Fly5	0	0	45027	75
tracktor-final	Fly6	0	0	45027	75
tracktor-raw	Fly1	0	0	45027	75
tracktor-raw	Fly2	0	0	45027	75
tracktor-raw	Fly3	0	0	45027	75
tracktor-raw	Fly4	0	0	45027	75
tracktor-raw	Fly5	0	0	45027	75
tracktor-raw	Fly6	0	0	45027	75
tracktor-final	Fly1	0.00229033344560458	102	44535	86
tracktor-final	Fly2	0.00145952621533625	65	44535	86
tracktor-final	Fly3	0.00208824520040418	93	44535	86
tracktor-final	Fly4	0.00222297069720445	99	44535	86
tracktor-final	Fly5	0.000987986976535309	44	44535	86
tracktor-final	Fly6	0.00211069944987089	94	44535	86
tracktor-raw	Fly1	0.00808352980801617	360	44535	86
tracktor-raw	Fly2	0.00920624228135175	410	44535	86
tracktor-raw	Fly3	0.011990569215224	534	44535	86
tracktor-raw	Fly4	0.00824070955428315	367	44535	86
tracktor-raw	Fly5	0.0085326147973504	380	44535	86
tracktor-raw	Fly6	0.00707308858201415	315	44535	86
tracktor-final	Fly1	4.37837956172421e-05	2	45679	100
tracktor-final	Fly2	0.000197027080277589	9	45679	100
tracktor-final	Fly3	4.37837956172421e-05	2	45679	100
tracktor-final	Fly4	0.00142297335756037	65	45679	100
tracktor-final	Fly5	0.000656756934258631	30	45679	100
tracktor-final	Fly6	0.000306486569320694	14	45679	100
tracktor-raw	Fly1	4.37837956172421e-05	2	45679	100
tracktor-raw	Fly2	0.000722432627684494	33	45679	100
tracktor-raw	Fly3	0.000788108321110357	36	45679	100
tracktor-raw	Fly4	0.000897567810153462	41	45679	100
tracktor-raw	Fly5	0.00085378401453622	39	45679	100
tracktor-raw	Fly6	0.00102891919700519	47	45679	100
tracktor-final	Fly1	0	0	43091	96
tracktor-final	Fly2	0	0	43091	96
tracktor-final	Fly3	0	0	43091	96
tracktor-final	Fly4	0	0	43091	96
tracktor-final	Fly5	0	0	43091	96
tracktor-final	Fly6	0	0	43091	96
tracktor-raw	Fly1	0	0	43091	96
tracktor-raw	Fly2	0	0	43091	96
tracktor-raw	Fly3	0	0	43091	96
tracktor-raw	Fly4	0	0	43091	96
tracktor-raw	Fly5	0	0	43091	96
tracktor-raw	Fly6	0	0	43091	96
tracktor-final	Fly1	0	0	43259	91
tracktor-final	Fly2	4.62331537945861e-05	2	43259	91
tracktor-final	Fly3	0	0	43259	91
tracktor-final	Fly4	0	0	43259	91
tracktor-final	Fly5	0	0	43259	91
tracktor-final	Fly6	0	0	43259	91
tracktor-raw	Fly1	0	0	43259	91
tracktor-raw	Fly2	0	0	43259	91
tracktor-raw	Fly3	0	0	43259	91
tracktor-raw	Fly4	0	0	43259	91
tracktor-raw	Fly5	0	0	43259	91
tracktor-raw	Fly6	0	0	43259	91
tracktor-final	Fly1	0	0	48476	1
tracktor-final	Fly2	0	0	48476	1
tracktor-final	Fly3	0	0	48476	1
tracktor-final	Fly4	0	0	48476	1
tracktor-final	Fly5	0	0	48476	1
tracktor-final	Fly6	0	0	48476	1
tracktor-raw	Fly1	0	0	48476	1
tracktor-raw	Fly2	0	0	48476	1
tracktor-raw	Fly3	0	0	48476	1
tracktor-raw	Fly4	0	0	48476	1
tracktor-raw	Fly5	0	0	48476	1
tracktor-raw	Fly6	0	0	48476	1
tracktor-final	Fly1	8.34916195286898e-05	4	47909	9
tracktor-final	Fly2	0.000104364524410862	5	47909	9
tracktor-final	Fly3	2.08729048821725e-05	1	47909	9
tracktor-final	Fly4	0.000104364524410862	5	47909	9
tracktor-final	Fly5	0.000146110334175207	7	47909	9
tracktor-final	Fly6	0.000208729048821725	10	47909	9
tracktor-raw	Fly1	0	0	47909	9
tracktor-raw	Fly2	0.000125237429293035	6	47909	9
tracktor-raw	Fly3	4.17458097643449e-05	2	47909	9
tracktor-raw	Fly4	0.000125237429293035	6	47909	9
tracktor-raw	Fly5	2.08729048821725e-05	1	47909	9
tracktor-raw	Fly6	0.000104364524410862	5	47909	9
tracktor-final	Fly1	0	0	46451	46
tracktor-final	Fly2	0	0	46451	46
tracktor-final	Fly3	0	0	46451	46
tracktor-final	Fly4	0	0	46451	46
tracktor-final	Fly5	0	0	46451	46
tracktor-final	Fly6	0	0	46451	46
tracktor-raw	Fly1	0	0	46451	46
tracktor-raw	Fly2	0	0	46451	46
tracktor-raw	Fly3	0	0	46451	46
tracktor-raw	Fly4	0	0	46451	46
tracktor-raw	Fly5	0	0	46451	46
tracktor-raw	Fly6	0	0	46451	46
tracktor-final	Fly1	0	0	45027	76
tracktor-final	Fly2	2.22088968840918e-05	1	45027	76
tracktor-final	Fly3	4.44177937681835e-05	2	45027	76
tracktor-final	Fly4	0	0	45027	76
tracktor-final	Fly5	0	0	45027	76
tracktor-final	Fly6	4.44177937681835e-05	2	45027	76
tracktor-raw	Fly1	0	0	45027	76
tracktor-raw	Fly2	0	0	45027	76
tracktor-raw	Fly3	0	0	45027	76
tracktor-raw	Fly4	0	0	45027	76
tracktor-raw	Fly5	0	0	45027	76
tracktor-raw	Fly6	0	0	45027	76
tracktor-final	Fly1	8.51426138782461e-05	4	46980	62
tracktor-final	Fly2	6.38569604086846e-05	3	46980	62
tracktor-final	Fly3	0.000191570881226054	9	46980	62
tracktor-final	Fly4	4.2571306939123e-05	2	46980	62
tracktor-final	Fly5	0	0	46980	62
tracktor-final	Fly6	0	0	46980	62
tracktor-raw	Fly1	0.000255427841634738	12	46980	62
tracktor-raw	Fly2	0.000255427841634738	12	46980	62
tracktor-raw	Fly3	4.2571306939123e-05	2	46980	62
tracktor-raw	Fly4	4.2571306939123e-05	2	46980	62
tracktor-raw	Fly5	0	0	46980	62
tracktor-raw	Fly6	0	0	46980	62
tracktor-final	Fly1	0.000228942493808146	11	48047	12
tracktor-final	Fly2	0.00016650363186047	8	48047	12
tracktor-final	Fly3	0.000208129539825587	10	48047	12
tracktor-final	Fly4	0.000145690677877911	7	48047	12
tracktor-final	Fly5	0	0	48047	12
tracktor-final	Fly6	0	0	48047	12
tracktor-raw	Fly1	0.000541136803546527	26	48047	12
tracktor-raw	Fly2	0.000291381355755822	14	48047	12
tracktor-raw	Fly3	0.000291381355755822	14	48047	12
tracktor-raw	Fly4	0.000291381355755822	14	48047	12
tracktor-raw	Fly5	0.000208129539825587	10	48047	12
tracktor-raw	Fly6	0.000187316585843029	9	48047	12
tracktor-final	Fly1	0.00124829515245382	54	43259	94
tracktor-final	Fly2	0.00138699461383758	60	43259	94
tracktor-final	Fly3	0.00115582884486465	50	43259	94
tracktor-final	Fly4	0.000924663075891722	40	43259	94
tracktor-final	Fly5	0.000947779652789015	41	43259	94
tracktor-final	Fly6	0.000878429922097136	38	43259	94
tracktor-raw	Fly1	0.00342125338079937	148	43259	94
tracktor-raw	Fly2	0.00323632076562103	140	43259	94
tracktor-raw	Fly3	0.00349060311149125	151	43259	94
tracktor-raw	Fly4	0.0043227998797938	187	43259	94
tracktor-raw	Fly5	0.00293580526595622	127	43259	94
tracktor-raw	Fly6	0.00314385445803185	136	43259	94
tracktor-final	Fly1	0	0	44480	70
tracktor-final	Fly2	0.000314748201438849	14	44480	70
tracktor-final	Fly3	8.99280575539568e-05	4	44480	70
tracktor-final	Fly4	0.000202338129496403	9	44480	70
tracktor-final	Fly5	4.49640287769784e-05	2	44480	70
tracktor-final	Fly6	0.000202338129496403	9	44480	70
tracktor-raw	Fly1	0	0	44480	70
tracktor-raw	Fly2	4.49640287769784e-05	2	44480	70
tracktor-raw	Fly3	8.99280575539568e-05	4	44480	70
tracktor-raw	Fly4	0	0	44480	70
tracktor-raw	Fly5	4.49640287769784e-05	2	44480	70
tracktor-raw	Fly6	4.49640287769784e-05	2	44480	70
tracktor-final	Fly1	0	0	48864	54
tracktor-final	Fly2	0	0	48864	54
tracktor-final	Fly3	0	0	48864	54
tracktor-final	Fly4	0.000163719711853307	8	48864	54
tracktor-final	Fly5	0	0	48864	54
tracktor-final	Fly6	0	0	48864	54
tracktor-raw	Fly1	0	0	48864	54
tracktor-raw	Fly2	0	0	48864	54
tracktor-raw	Fly3	0	0	48864	54
tracktor-raw	Fly4	0.000163719711853307	8	48864	54
tracktor-raw	Fly5	0	0	48864	54
tracktor-raw	Fly6	0	0	48864	54
tracktor-final	Fly1	0	0	47841	60
tracktor-final	Fly2	0	0	47841	60
tracktor-final	Fly3	0	0	47841	60
tracktor-final	Fly4	4.18051462134989e-05	2	47841	60
tracktor-final	Fly5	0	0	47841	60
tracktor-final	Fly6	0.000125415438640497	6	47841	60
tracktor-raw	Fly1	0	0	47841	60
tracktor-raw	Fly2	0	0	47841	60
tracktor-raw	Fly3	8.36102924269978e-05	4	47841	60
tracktor-raw	Fly4	4.18051462134989e-05	2	47841	60
tracktor-raw	Fly5	0	0	47841	60
tracktor-raw	Fly6	0.000125415438640497	6	47841	60
tracktor-final	Fly1	0	0	43091	95
tracktor-final	Fly2	0	0	43091	95
tracktor-final	Fly3	0	0	43091	95
tracktor-final	Fly4	0	0	43091	95
tracktor-final	Fly5	4.64134041911304e-05	2	43091	95
tracktor-final	Fly6	0	0	43091	95
tracktor-raw	Fly1	0	0	43091	95
tracktor-raw	Fly2	0	0	43091	95
tracktor-raw	Fly3	0	0	43091	95
tracktor-raw	Fly4	0	0	43091	95
tracktor-raw	Fly5	4.64134041911304e-05	2	43091	95
tracktor-raw	Fly6	0	0	43091	95
tracktor-final	Fly1	0.000171112014202297	8	46753	56
tracktor-final	Fly2	0.000213890017752871	10	46753	56
tracktor-final	Fly3	4.27780035505743e-05	2	46753	56
tracktor-final	Fly4	2.13890017752871e-05	1	46753	56
tracktor-final	Fly5	0.000256668021303446	12	46753	56
tracktor-final	Fly6	0.00014972301242701	7	46753	56
tracktor-raw	Fly1	0.000427780035505743	20	46753	56
tracktor-raw	Fly2	0.00059889204970804	28	46753	56
tracktor-raw	Fly3	0.000363613030179881	17	46753	56
tracktor-raw	Fly4	0.000491947040831604	23	46753	56
tracktor-raw	Fly5	0.000577503047932753	27	46753	56
tracktor-raw	Fly6	0.000385002031955169	18	46753	56
tracktor-final	Fly1	0.000496493514553466	24	48339	30
tracktor-final	Fly2	0.00136535716502203	66	48339	30
tracktor-final	Fly3	0.0012205465566106	59	48339	30
tracktor-final	Fly4	0.000972299799333871	47	48339	30
tracktor-final	Fly5	0.000620616893191833	30	48339	30
tracktor-final	Fly6	0.00225490804526366	109	48339	30
tracktor-raw	Fly1	0.0011171104077453	54	48339	30
tracktor-raw	Fly2	0.0012205465566106	59	48339	30
tracktor-raw	Fly3	0.0022342208154906	108	48339	30
tracktor-raw	Fly4	0.0033513312232359	162	48339	30
tracktor-raw	Fly5	0.00132398270547591	64	48339	30
tracktor-raw	Fly6	0.0019652868284408	95	48339	30
tracktor-final	Fly1	0	0	47410	36
tracktor-final	Fly2	0	0	47410	36
tracktor-final	Fly3	0	0	47410	36
tracktor-final	Fly4	0	0	47410	36
tracktor-final	Fly5	0	0	47410	36
tracktor-final	Fly6	0	0	47410	36
tracktor-raw	Fly1	4.2185192997258e-05	2	47410	36
tracktor-raw	Fly2	0	0	47410	36
tracktor-raw	Fly3	0	0	47410	36
tracktor-raw	Fly4	0	0	47410	36
tracktor-raw	Fly5	0	0	47410	36
tracktor-raw	Fly6	4.2185192997258e-05	2	47410	36
tracktor-final	Fly1	8.43703859945159e-05	4	47410	38
tracktor-final	Fly2	2.1092596498629e-05	1	47410	38
tracktor-final	Fly3	0	0	47410	38
tracktor-final	Fly4	4.2185192997258e-05	2	47410	38
tracktor-final	Fly5	0.000168740771989032	8	47410	38
tracktor-final	Fly6	0.000147648175490403	7	47410	38
tracktor-raw	Fly1	0.000358574140476693	17	47410	38
tracktor-raw	Fly2	0.000126555578991774	6	47410	38
tracktor-raw	Fly3	4.2185192997258e-05	2	47410	38
tracktor-raw	Fly4	0.000168740771989032	8	47410	38
tracktor-raw	Fly5	0.000590592701961611	28	47410	38
tracktor-raw	Fly6	0.000358574140476693	17	47410	38
tracktor-final	Fly1	0.000268173941744368	13	48476	4
tracktor-final	Fly2	0.000412575294991336	20	48476	4
tracktor-final	Fly3	0.000536347883488737	26	48476	4
tracktor-final	Fly4	0.000288802706493935	14	48476	4
tracktor-final	Fly5	0.000433204059740903	21	48476	4
tracktor-final	Fly6	6.18862942487004e-05	3	48476	4
tracktor-raw	Fly1	0.00140275600297054	68	48476	4
tracktor-raw	Fly2	0.00156778612096708	76	48476	4
tracktor-raw	Fly3	0.00200099018070798	97	48476	4
tracktor-raw	Fly4	0.00152652859146794	74	48476	4
tracktor-raw	Fly5	0.00191847512170971	93	48476	4
tracktor-raw	Fly6	0.00127898341447314	62	48476	4
tracktor-final	Fly1	0.000173596042010242	8	46084	31
tracktor-final	Fly2	0.000173596042010242	8	46084	31
tracktor-final	Fly3	4.33990105025605e-05	2	46084	31
tracktor-final	Fly4	0.000607586147035848	28	46084	31
tracktor-final	Fly5	4.33990105025605e-05	2	46084	31
tracktor-final	Fly6	0.000260394063015363	12	46084	31
tracktor-raw	Fly1	0.00106327575731273	49	46084	31
tracktor-raw	Fly2	0.000238694557764083	11	46084	31
tracktor-raw	Fly3	0.000694384168040969	32	46084	31
tracktor-raw	Fly4	0.00169256140959986	78	46084	31
tracktor-raw	Fly5	0.000629285652287128	29	46084	31
tracktor-raw	Fly6	0.0013236698203281	61	46084	31
tracktor-final	Fly1	0.000143254747871644	7	48864	51
tracktor-final	Fly2	0.000102324819908317	5	48864	51
tracktor-final	Fly3	0.000204649639816634	10	48864	51
tracktor-final	Fly4	0.000102324819908317	5	48864	51
tracktor-final	Fly5	0	0	48864	51
tracktor-final	Fly6	2.04649639816634e-05	1	48864	51
tracktor-raw	Fly1	2.04649639816634e-05	1	48864	51
tracktor-raw	Fly2	6.13948919449902e-05	3	48864	51
tracktor-raw	Fly3	0.000204649639816634	10	48864	51
tracktor-raw	Fly4	2.04649639816634e-05	1	48864	51
tracktor-raw	Fly5	0	0	48864	51
tracktor-raw	Fly6	0.000266044531761624	13	48864	51
